Lead_Index,Company_Name,Phone,Website
1,Not found,Not found,Not found
2,Not found,Not found,Not found
3,Little Warriors Play School Patna,Not found,Not found
4,Junior DPS Kidwaipuri,Not found,Not found
5,Toddler's Train Play School,Not found,Not found
6,OrkidPetals Playschool,Not found,Not found
7,TEFL Play School,Not found,Not found
8,Kidzee Chitragupt Nagar - Kankarbagh,Not found,Not found
9,OrkidPetals Playschool Patna City,Not found,Not found
10,Not found,Not found,Not found
11,Not found,Not found,Not found
12,Not found,Not found,Not found
13,Little Warriors Play School Patna,Not found,Not found
14,Junior DPS Kidwaipuri,Not found,Not found
15,Toddler's Train Play School,Not found,Not found
16,OrkidPetals Playschool,Not found,Not found
17,TEFL Play School,Not found,Not found
18,Kidzee Chitragupt Nagar - Kankarbagh,Not found,Not found
19,OrkidPetals Playschool Patna City,Not found,Not found
20,Bachpan Play School Ramkrishna Nagar (Patna),Not found,Not found
21,Spring Petals Play School,Not found,Not found
22,"Bachpan Play School, Bhootnath",Not found,Not found
23,Kidz Kastle play school,Not found,Not found
24,Saplings Kindergarten (Play School),Not found,Not found
25,"Bachpan Play School, Patna City",Not found,Not found
26,MOMS PLUME Play Pre School-Best Play & Pre School in Bazar Samiti Patna.,Not found,Not found
27,Not found,Not found,Not found
28,Not found,Not found,Not found
29,Not found,Not found,Not found
30,Little Warriors Play School Patna,Not found,Not found
31,Junior DPS Kidwaipuri,Not found,Not found
32,Toddler's Train Play School,Not found,Not found
33,OrkidPetals Playschool,Not found,Not found
34,TEFL Play School,Not found,Not found
35,Kidzee Chitragupt Nagar - Kankarbagh,Not found,Not found
36,OrkidPetals Playschool Patna City,Not found,Not found
37,Bachpan Play School Ramkrishna Nagar (Patna),Not found,Not found
38,Spring Petals Play School,Not found,Not found
39,"Bachpan Play School, Bhootnath",Not found,Not found
40,Kidz Kastle play school,Not found,Not found
41,Saplings Kindergarten (Play School),Not found,Not found
42,"Bachpan Play School, Patna City",Not found,Not found
43,MOMS PLUME Play Pre School-Best Play & Pre School in Bazar Samiti Patna.,Not found,Not found
44,Vaatsalya kids (Top School in Rajeev Nagar | CBSE School in Rajeev Nagar | CBSE School in Ashiyana | Top Play School),Not found,Not found
45,"Bachpan Play School Shastri Nagar, Patna",Not found,Not found
